{
  "files": [
    {
      "downloadUrl": "/downloads/cantidadpagoendpoint/v1/20141003080208/java/1.16.0-rc/jtails.mx-cantidadpagoendpoint-v1-20141003080208-java-1.16.0-rc-sources.jar", 
      "path": "jtails.mx-cantidadpagoendpoint-v1-20141003080208-java-1.16.0-rc-sources.jar", 
      "type": "source", 
      "timestamp": "2014-10-03 08:02"
    }, 
    {
      "path": "jtails.mx-cantidadpagoendpoint-v1-20141003080208-java-1.16.0-rc.jar.properties", 
      "type": "android.properties"
    }
  ], 
  "proguard-config": "proguard-google-api-client.txt", 
  "ownerDomain": "jtails.mx", 
  "moduleName": "mx.jtails.homelike.model.beans", 
  "name": "cantidadpagoendpoint", 
  "language": "java", 
  "title": "cantidadpagoendpoint", 
  "version": "v1", 
  "kind": "discovery#directoryItem", 
  "modulePath": "mx/jtails/homelike/model/beans", 
  "maven": {
    "group_id": "mx.jtails", 
    "artifact_id": "homelike-model-beans-cantidadpagoendpoint", 
    "version": "v1-1.16.0-rc-SNAPSHOT"
  }, 
  "dependencies": [
    {
      "files": [
        {
          "downloadUrl": "http://google-api-java-client.googlecode.com/files/google-api-java-client-1.16.0-rc.zip", 
          "type": "bundle"
        }
      ], 
      "version": "1.16.0-rc", 
      "name": "Google API Java Client Bundle", 
      "environments": [
        "manual"
      ]
    }, 
    {
      "files": [
        {
          "path": "libs/google-api-client-1.16.0-rc.jar", 
          "type": "binary"
        }, 
        {
          "path": "libs-sources/google-api-client-1.16.0-rc-sources.jar", 
          "type": "source"
        }, 
        {
          "path": "dependencies/APACHE-LICENSE.txt", 
          "type": "license"
        }, 
        {
          "path": "libs/google-api-client-1.16.0-rc.jar.properties", 
          "type": "android-properties"
        }
      ], 
      "version": "1.16.0-rc", 
      "name": "Google APIs Client Library", 
      "environments": [
        "*"
      ]
    }, 
    {
      "files": [
        {
          "path": "libs/google-api-client-android-1.16.0-rc.jar", 
          "type": "binary"
        }, 
        {
          "path": "libs-sources/google-api-client-android-1.16.0-rc-sources.jar", 
          "type": "source"
        }, 
        {
          "path": "dependencies/APACHE-LICENSE.txt", 
          "type": "license"
        }, 
        {
          "path": "libs/google-api-client-android-1.16.0-rc.jar.properties", 
          "type": "android-properties"
        }
      ], 
      "version": "1.16.0-rc", 
      "name": "Android platform extensions to the Google APIs Client Library", 
      "environments": [
        "android"
      ]
    }, 
    {
      "files": [
        {
          "path": "libs/google-api-client-appengine-1.16.0-rc.jar", 
          "type": "binary"
        }, 
        {
          "path": "libs-sources/google-api-client-appengine-1.16.0-rc-sources.jar", 
          "type": "source"
        }, 
        {
          "path": "dependencies/APACHE-LICENSE.txt", 
          "type": "license"
        }
      ], 
      "version": "1.16.0-rc", 
      "name": "Google App Engine extensions to the Google APIs Client Library", 
      "environments": [
        "appengine"
      ]
    }, 
    {
      "files": [
        {
          "path": "libs/google-api-client-java6-1.16.0-rc.jar", 
          "type": "binary"
        }, 
        {
          "path": "libs-sources/google-api-client-java6-1.16.0-rc-sources.jar", 
          "type": "source"
        }, 
        {
          "path": "dependencies/APACHE-LICENSE.txt", 
          "type": "license"
        }
      ], 
      "version": "1.16.0-rc", 
      "name": "Java 6 (and higher) extensions to the Google APIs Client Library", 
      "environments": [
        "generic"
      ]
    }, 
    {
      "files": [
        {
          "path": "libs/google-api-client-servlet-1.16.0-rc.jar", 
          "type": "binary"
        }, 
        {
          "path": "libs-sources/google-api-client-servlet-1.16.0-rc-sources.jar", 
          "type": "source"
        }, 
        {
          "path": "dependencies/APACHE-LICENSE.txt", 
          "type": "license"
        }
      ], 
      "version": "1.16.0-rc", 
      "name": "Servlet extensions to the Google APIs Client Library", 
      "environments": [
        "appengine", 
        "servlet"
      ]
    }, 
    {
      "files": [
        {
          "path": "libs/google-oauth-client-1.16.0-rc.jar", 
          "type": "binary"
        }, 
        {
          "path": "libs-sources/google-oauth-client-1.16.0-rc-sources.jar", 
          "type": "source"
        }, 
        {
          "path": "dependencies/APACHE-LICENSE.txt", 
          "type": "license"
        }, 
        {
          "path": "libs/google-oauth-client-1.16.0-rc.jar.properties", 
          "type": "android-properties"
        }
      ], 
      "version": "1.16.0-rc", 
      "name": "Google OAuth Client Library", 
      "environments": [
        "*"
      ]
    }, 
    {
      "files": [
        {
          "path": "libs/google-oauth-client-appengine-1.16.0-rc.jar", 
          "type": "binary"
        }, 
        {
          "path": "libs-sources/google-oauth-client-appengine-1.16.0-rc-sources.jar", 
          "type": "source"
        }, 
        {
          "path": "dependencies/APACHE-LICENSE.txt", 
          "type": "license"
        }
      ], 
      "version": "1.16.0-rc", 
      "name": "Google App Engine extensions to the Google OAuth Client Library", 
      "environments": [
        "appengine"
      ]
    }, 
    {
      "files": [
        {
          "path": "libs/google-oauth-client-java6-1.16.0-rc.jar", 
          "type": "binary"
        }, 
        {
          "path": "libs-sources/google-oauth-client-java6-1.16.0-rc-sources.jar", 
          "type": "source"
        }, 
        {
          "path": "dependencies/APACHE-LICENSE.txt", 
          "type": "license"
        }
      ], 
      "version": "1.16.0-rc", 
      "name": "Java 6 (and higher) extensions to the Google OAuth Client Library", 
      "environments": [
        "generic"
      ]
    }, 
    {
      "files": [
        {
          "path": "libs/google-oauth-client-java7-1.16.0-rc.jar", 
          "type": "binary"
        }, 
        {
          "path": "libs-sources/google-oauth-client-java7-1.16.0-rc-sources.jar", 
          "type": "source"
        }, 
        {
          "path": "dependencies/APACHE-LICENSE.txt", 
          "type": "license"
        }
      ], 
      "version": "1.16.0-rc", 
      "name": "Java 7 (and higher) extensions to the Google OAuth Client Library", 
      "environments": [
        "generic"
      ]
    }, 
    {
      "files": [
        {
          "path": "libs/google-oauth-client-jetty-1.16.0-rc.jar", 
          "type": "binary"
        }, 
        {
          "path": "libs-sources/google-oauth-client-jetty-1.16.0-rc-sources.jar", 
          "type": "source"
        }, 
        {
          "path": "dependencies/APACHE-LICENSE.txt", 
          "type": "license"
        }
      ], 
      "version": "1.16.0-rc", 
      "name": "Jetty extensions to the Google OAuth Client Library", 
      "environments": [
        "generic"
      ]
    }, 
    {
      "files": [
        {
          "path": "libs/google-oauth-client-servlet-1.16.0-rc.jar", 
          "type": "binary"
        }, 
        {
          "path": "libs-sources/google-oauth-client-servlet-1.16.0-rc-sources.jar", 
          "type": "source"
        }, 
        {
          "path": "dependencies/APACHE-LICENSE.txt", 
          "type": "license"
        }
      ], 
      "version": "1.16.0-rc", 
      "name": "Servlet and JDO extensions to the Google OAuth Client Library", 
      "environments": [
        "appengine", 
        "servlet"
      ]
    }, 
    {
      "files": [
        {
          "path": "libs/google-http-client-1.16.0-rc.jar", 
          "type": "binary"
        }, 
        {
          "path": "libs-sources/google-http-client-1.16.0-rc-sources.jar", 
          "type": "source"
        }, 
        {
          "path": "dependencies/APACHE-LICENSE.txt", 
          "type": "license"
        }, 
        {
          "path": "libs/google-http-client-1.16.0-rc.jar.properties", 
          "type": "android-properties"
        }
      ], 
      "version": "1.16.0-rc", 
      "name": "Google HTTP Client Library", 
      "environments": [
        "*"
      ]
    }, 
    {
      "files": [
        {
          "path": "libs/google-http-client-android-1.16.0-rc.jar", 
          "type": "binary"
        }, 
        {
          "path": "libs-sources/google-http-client-android-1.16.0-rc-sources.jar", 
          "type": "source"
        }, 
        {
          "path": "dependencies/APACHE-LICENSE.txt", 
          "type": "license"
        }, 
        {
          "path": "libs/google-http-client-android-1.16.0-rc.jar.properties", 
          "type": "android-properties"
        }
      ], 
      "version": "1.16.0-rc", 
      "name": "Android platform extensions to the Google HTTP Client Library", 
      "environments": [
        "android"
      ]
    }, 
    {
      "files": [
        {
          "path": "libs/google-http-client-appengine-1.16.0-rc.jar", 
          "type": "binary"
        }, 
        {
          "path": "libs-sources/google-http-client-appengine-1.16.0-rc-sources.jar", 
          "type": "source"
        }, 
        {
          "path": "dependencies/APACHE-LICENSE.txt", 
          "type": "license"
        }
      ], 
      "version": "1.16.0-rc", 
      "name": "Google App Engine extensions to the Google HTTP Client Library", 
      "environments": [
        "appengine"
      ]
    }, 
    {
      "files": [
        {
          "path": "libs/google-http-client-gson-1.16.0-rc.jar", 
          "type": "binary"
        }, 
        {
          "path": "libs-sources/google-http-client-gson-1.16.0-rc-sources.jar", 
          "type": "source"
        }, 
        {
          "path": "dependencies/APACHE-LICENSE.txt", 
          "type": "license"
        }, 
        {
          "path": "libs/google-http-client-gson-1.16.0-rc.jar.properties", 
          "type": "android-properties"
        }
      ], 
      "version": "1.16.0-rc", 
      "name": "GSON extensions to the Google HTTP Client Library", 
      "environments": [
        "*"
      ]
    }, 
    {
      "files": [
        {
          "path": "libs/google-http-client-jackson-1.16.0-rc.jar", 
          "type": "binary"
        }, 
        {
          "path": "libs-sources/google-http-client-jackson-1.16.0-rc-sources.jar", 
          "type": "source"
        }, 
        {
          "path": "dependencies/APACHE-LICENSE.txt", 
          "type": "license"
        }, 
        {
          "path": "libs/google-http-client-jackson-1.16.0-rc.jar.properties", 
          "type": "android-properties"
        }
      ], 
      "version": "1.16.0-rc", 
      "name": "Jackson extensions to the Google HTTP Client Library", 
      "environments": [
        "*"
      ]
    }, 
    {
      "files": [
        {
          "path": "libs/google-http-client-jackson2-1.16.0-rc.jar", 
          "type": "binary"
        }, 
        {
          "path": "libs-sources/google-http-client-jackson2-1.16.0-rc-sources.jar", 
          "type": "source"
        }, 
        {
          "path": "dependencies/APACHE-LICENSE.txt", 
          "type": "license"
        }, 
        {
          "path": "libs/google-http-client-jackson2-1.16.0-rc.jar.properties", 
          "type": "android-properties"
        }
      ], 
      "version": "1.16.0-rc", 
      "name": "Jackson 2 extensions to the Google HTTP Client Library", 
      "environments": [
        "*"
      ]
    }, 
    {
      "files": [
        {
          "path": "libs/commons-logging-1.1.1.jar", 
          "type": "binary"
        }, 
        {
          "path": "libs-sources/commons-logging-1.1.1-sources.jar", 
          "type": "source"
        }, 
        {
          "path": "dependencies/APACHE-LICENSE.txt", 
          "type": "license"
        }
      ], 
      "version": "1.1.1", 
      "name": "Commons Logging", 
      "environments": [
        "servlet", 
        "generic"
      ]
    }, 
    {
      "files": [
        {
          "path": "libs/gson-2.1.jar", 
          "type": "binary"
        }, 
        {
          "path": "libs-sources/gson-2.1-sources.jar", 
          "type": "source"
        }, 
        {
          "path": "dependencies/APACHE-LICENSE.txt", 
          "type": "license"
        }, 
        {
          "path": "libs/gson-2.1.jar.properties", 
          "type": "android-properties"
        }
      ], 
      "version": "2.1", 
      "name": "GSON", 
      "environments": [
        "*"
      ]
    }, 
    {
      "files": [
        {
          "path": "libs/httpclient-4.0.1.jar", 
          "type": "binary"
        }, 
        {
          "path": "libs-sources/httpclient-4.0.1-sources.jar", 
          "type": "source"
        }, 
        {
          "path": "dependencies/APACHE-LICENSE.txt", 
          "type": "license"
        }
      ], 
      "version": "4.0.1", 
      "name": "HTTP Client", 
      "environments": [
        "servlet", 
        "generic"
      ]
    }, 
    {
      "files": [
        {
          "path": "libs/httpcore-4.0.1.jar", 
          "type": "binary"
        }, 
        {
          "path": "libs-sources/httpcore-4.0.1-sources.jar", 
          "type": "source"
        }, 
        {
          "path": "dependencies/APACHE-LICENSE.txt", 
          "type": "license"
        }
      ], 
      "version": "4.0.1", 
      "name": "HTTP Core", 
      "environments": [
        "servlet", 
        "generic"
      ]
    }, 
    {
      "files": [
        {
          "path": "libs/jackson-core-asl-1.9.11.jar", 
          "type": "binary"
        }, 
        {
          "path": "libs-sources/jackson-core-asl-1.9.11-sources.jar", 
          "type": "source"
        }, 
        {
          "path": "dependencies/APACHE-LICENSE.txt", 
          "type": "license"
        }, 
        {
          "path": "libs/jackson-core-asl-1.9.11.jar.properties", 
          "type": "android-properties"
        }
      ], 
      "version": "1.9.11", 
      "name": "Jackson Core ASL", 
      "environments": [
        "*"
      ]
    }, 
    {
      "files": [
        {
          "path": "libs/jackson-core-2.1.3.jar", 
          "type": "binary"
        }, 
        {
          "path": "libs-sources/jackson-core-2.1.3-sources.jar", 
          "type": "source"
        }, 
        {
          "path": "dependencies/APACHE-LICENSE.txt", 
          "type": "license"
        }, 
        {
          "path": "libs/jackson-core-2.1.3.jar.properties", 
          "type": "android-properties"
        }
      ], 
      "version": "2.1.3", 
      "name": "Jackson2 Core", 
      "environments": [
        "*"
      ]
    }, 
    {
      "files": [
        {
          "path": "libs/jdo2-api-2.3-eb.jar", 
          "type": "binary"
        }, 
        {
          "path": "libs-sources/jdo2-api-2.3-eb-sources.jar", 
          "type": "source"
        }, 
        {
          "path": "dependencies/APACHE-LICENSE.txt", 
          "type": "license"
        }
      ], 
      "version": "2.3-eb", 
      "name": "JDO2 API", 
      "environments": [
        "appengine", 
        "servlet"
      ]
    }, 
    {
      "files": [
        {
          "path": "libs/jetty-6.1.26.jar", 
          "type": "binary"
        }, 
        {
          "path": "libs-sources/jetty-6.1.26-sources.jar", 
          "type": "source"
        }, 
        {
          "path": "dependencies/APACHE-LICENSE.txt", 
          "type": "license"
        }
      ], 
      "version": "6.1.26", 
      "name": "Jetty", 
      "environments": [
        "generic"
      ]
    }, 
    {
      "files": [
        {
          "path": "libs/jetty-util-6.1.26.jar", 
          "type": "binary"
        }, 
        {
          "path": "libs-sources/jetty-util-6.1.26-sources.jar", 
          "type": "source"
        }, 
        {
          "path": "dependencies/APACHE-LICENSE.txt", 
          "type": "license"
        }
      ], 
      "version": "6.1.26", 
      "name": "Jetty Util", 
      "environments": [
        "generic"
      ]
    }, 
    {
      "files": [
        {
          "path": "libs/jsr305-1.3.9.jar", 
          "type": "binary"
        }, 
        {
          "path": "dependencies/APACHE-LICENSE.txt", 
          "type": "license"
        }
      ], 
      "version": "1.3.9", 
      "name": "JSR 305", 
      "environments": [
        "*"
      ]
    }, 
    {
      "files": [
        {
          "path": "libs/transaction-api-1.1.jar", 
          "type": "binary"
        }, 
        {
          "path": "libs-sources/transaction-api-1.1-sources.jar", 
          "type": "source"
        }, 
        {
          "path": "dependencies/CDDL-LICENSE.txt", 
          "type": "license"
        }
      ], 
      "version": "1.1", 
      "name": "Transaction API", 
      "environments": [
        "appengine", 
        "servlet"
      ]
    }, 
    {
      "files": [
        {
          "path": "libs/xpp3-1.1.4c.jar", 
          "type": "binary"
        }, 
        {
          "path": "libs-sources/xpp3-1.1.4c-sources.jar", 
          "type": "source"
        }, 
        {
          "path": "dependencies/xpp3_LICENSE.txt", 
          "type": "license"
        }
      ], 
      "version": "1.1.4c", 
      "name": "XPP3", 
      "environments": [
        "appengine", 
        "servlet", 
        "generic"
      ]
    }
  ], 
  "ownerName": "jtails.mx", 
  "packagePath": "homelike.model.beans", 
  "language_version": "1.16.0-rc", 
  "id": "cantidadpagoendpoint:v1", 
  "revision": 20141003080208
}